Model,AIC,BIC,Akaike weight,Bayes factor (DFT/EXP)
DFT,14210.605059223524,14809.04596795822,0.0,0.0
Experiment,2820.407353265782,4757.9338597632595,1.0,inf
